director_name,actor_1_name,actor_2_name,actor_3_name,genres,movie_title,combine,comb
Nicolas Pesce,Andrea Riseborough,Demián Bichir,John Cho,Horror,the grudge,,Andrea Riseborough Demián Bichir John Cho Nicolas Pesce Horror
William Eubank,Kristen Stewart,Vincent Cassel,Jessica Henwick,Action,underwater,,Kristen Stewart Vincent Cassel Jessica Henwick William Eubank Action
Miguel Arteta,Tiffany Haddish,Rose Byrne,Salma Hayek,Comedy,like a boss,,Tiffany Haddish Rose Byrne Salma Hayek Miguel Arteta Comedy
Jon Avnet,Richard Gere,Peter Dinklage,Walton Goggins,Drama,three christs,,Richard Gere Peter Dinklage Walton Goggins Jon Avnet Drama
Anthony Jerjen,Josh Hartnett,Margarita Levieva,Chandler Riggs,Drama,inherit the viper,,Josh Hartnett Margarita Levieva Chandler Riggs Anthony Jerjen Drama
Andrew Desmond,Freya Tingley,Simon Abkarian,Rutger Hauer,Horror,the sonata,,Freya Tingley Simon Abkarian Rutger Hauer Andrew Desmond Horror
Daniel Farrands,Mena Suvari,Nick Stahl,Taryn Manning,Thriller,the murder of nicole brown simpson,,Mena Suvari Nick Stahl Taryn Manning Daniel Farrands Thriller
Adil El Arbi and Bilall Fallah,Will Smith,Martin Lawrence,Vanessa Hudgens,Thriller,bad boys for life,,Will Smith Martin Lawrence Vanessa Hudgens Adil El Arbi and Bilall Fallah Thriller
Stephen Gaghan,Robert Downey Jr.,Antonio Banderas,Michael Sheen,Family,dolittle,,Robert Downey Jr. Antonio Banderas Michael Sheen Stephen Gaghan Family
Tyler Perry,Crystal R. Fox,Phylicia Rashad,Bresha Webb,Drama,a fall from grace,,Crystal R. Fox Phylicia Rashad Bresha Webb Tyler Perry Drama
Guy Ritchie,Matthew McConaughey,Charlie Hunnam,Henry Golding,Action,the gentlemen,,Matthew McConaughey Charlie Hunnam Henry Golding Guy Ritchie Action
Floria Sigismondi,Mackenzie Davis,Finn Wolfhard,Brooklynn Prince,Horror,the turning,,Mackenzie Davis Finn Wolfhard Brooklynn Prince Floria Sigismondi Horror
Todd Robinson,Sebastian Stan,Christopher Plummer,William Hurt,War,the last full measure,,Sebastian Stan Christopher Plummer William Hurt Todd Robinson War
David Bruckner,Rebecca Hall,Sarah Goldberg,Stacy Martin,Horror,the night house,,Rebecca Hall Sarah Goldberg Stacy Martin David Bruckner Horror
Will Forbes,Terry Crews,Ludacris,Jamila Velazquez,Drama,john henry,,Terry Crews Ludacris Jamila Velazquez Will Forbes Drama
Reed Morano,Blake Lively,Jude Law,Sterling K. Brown,Action,the rhythm section,,Blake Lively Jude Law Sterling K. Brown Reed Morano Action
Oz Perkins,Sophia Lillis,Sammy Leakey,Charles Babalola,Horror,gretel & hansel,,Sophia Lillis Sammy Leakey Charles Babalola Oz Perkins Horror
Cathy Yan,Margot Robbie,Mary Elizabeth Winstead,Jurnee Smollett-Bell,Action,birds of prey,,Margot Robbie Mary Elizabeth Winstead Jurnee Smollett-Bell Cathy Yan Action
"Veronika Franz, Severin Fiala (directors/screenplay); Sergio Casci (screenplay); Riley Keough, Jaeden Martell, Lia McHugh, Richard Armitage, Alicia Silverstone",Riley Keough,Jaeden Martell,Lia McHugh,Drama,the lodge,,"Riley Keough Jaeden Martell Lia McHugh Veronika Franz, Severin Fiala (directors/screenplay); Sergio Casci (screenplay); Riley Keough, Jaeden Martell, Lia McHugh, Richard Armitage, Alicia Silverstone Drama"
Tom McCarthy,Winslow Fegley,Ophelia Lovibond,Craig Robinson,Family,timmy failure: mistakes were made,,Winslow Fegley Ophelia Lovibond Craig Robinson Tom McCarthy Family
Jeff Baena,Alison Brie,Debby Ryan,John Paul Reynolds,Drama,horse girl,,Alison Brie Debby Ryan John Paul Reynolds Jeff Baena Drama
Michael Fimognari,Lana Condor,Noah Centineo,Jordan Fisher,Romance,to all the boys: p.s. i still love you,,Lana Condor Noah Centineo Jordan Fisher Michael Fimognari Romance
Jeff Fowler,James Marsden,Ben Schwartz,Tika Sumpter,Action,sonic the hedgehog,,James Marsden Ben Schwartz Tika Sumpter Jeff Fowler Action
Jeff Wadlow,Michael Peña,Maggie Q,Lucy Hale,Adventure,fantasy island,,Michael Peña Maggie Q Lucy Hale Jeff Wadlow Adventure
Stella Meghie,Issa Rae,Lakeith Stanfield,Chelsea Peretti,Drama,the photograph,,Issa Rae Lakeith Stanfield Chelsea Peretti Stella Meghie Drama
"Nat Faxon, Jim Rash",Julia Louis-Dreyfus,Will Ferrell,Miranda Otto,Drama,downhill,,"Julia Louis-Dreyfus Will Ferrell Miranda Otto Nat Faxon, Jim Rash Drama"
Drew Mylrea,Drew Van Acker,Poppy Delevingne,Natasha Bassett,Action,spy intervention,,Drew Van Acker Poppy Delevingne Natasha Bassett Drew Mylrea Action
Lone Scherfig,Andrea Riseborough,Tahar Rahim,Zoe Kazan,Drama,the kindness of strangers,,Andrea Riseborough Tahar Rahim Zoe Kazan Lone Scherfig Drama
Chris Sanders,Harrison Ford,Dan Stevens,Omar Sy,Drama,the call of the wild,,Harrison Ford Dan Stevens Omar Sy Chris Sanders Drama
"Dee Rees (director, screenplay); Marco Villalobos (screenplay); Anne Hathaway, Ben Affleck, Rosie Perez, Edi Gathegi, Mel Rodriguez, Toby Jones, Willem Dafoe",Anne Hathaway,Ben Affleck,Rosie Perez,Drama,the last thing he wanted,,"Anne Hathaway Ben Affleck Rosie Perez Dee Rees (director, screenplay); Marco Villalobos (screenplay); Anne Hathaway, Ben Affleck, Rosie Perez, Edi Gathegi, Mel Rodriguez, Toby Jones, Willem Dafoe Drama"
William Brent Bell,Katie Holmes,Owain Yeoman,Christopher Convery,Horror,brahms: the boy ii,,Katie Holmes Owain Yeoman Christopher Convery William Brent Bell Horror
Michael Cristofer,Tye Sheridan,Ana de Armas,Helen Hunt,Crime,the night clerk,,Tye Sheridan Ana de Armas Helen Hunt Michael Cristofer Crime
Chris Henchy,Brian Quinn,Joe Gatto,Sal Vulcano,Comedy,impractical jokers: the movie,,Brian Quinn Joe Gatto Sal Vulcano Chris Henchy Comedy
Leigh Whannell,Elisabeth Moss,Aldis Hodge,Storm Reid,Thriller,the invisible man,,Elisabeth Moss Aldis Hodge Storm Reid Leigh Whannell Thriller
Brett Haley,Elle Fanning,Justice Smith,Alexandra Shipp,Drama,all the bright places,,Elle Fanning Justice Smith Alexandra Shipp Brett Haley Drama
Jason Lei Howden,Daniel Radcliffe,Samara Weaving,Natasha Liu Bordizzo,Comedy,guns akimbo,,Daniel Radcliffe Samara Weaving Natasha Liu Bordizzo Jason Lei Howden Comedy
Dan Scanlon,Tom Holland,Chris Pratt,Julia Louis-Dreyfus,Animation,onward,,Tom Holland Chris Pratt Julia Louis-Dreyfus Dan Scanlon Animation
Gavin O'Connor,Ben Affleck,Al Madrigal,Michaela Watkins,Drama,the way back,,Ben Affleck Al Madrigal Michaela Watkins Gavin O'Connor Drama
Peter Berg,Mark Wahlberg,Winston Duke,Alan Arkin,Comedy,spenser confidential,,Mark Wahlberg Winston Duke Alan Arkin Peter Berg Comedy
George Nolfi,Anthony Mackie,Nicholas Hoult,Nia Long,Drama,the banker,,Anthony Mackie Nicholas Hoult Nia Long George Nolfi Drama
Giuseppe Capotondi,Claes Bang,Elizabeth Debicki,Mick Jagger,Thriller,the burnt orange heresy,,Claes Bang Elizabeth Debicki Mick Jagger Giuseppe Capotondi Thriller
Carlo Mirabella-Davis,Haley Bennett,Austin Stowell,Elizabeth Marvel,Drama,swallow,,Haley Bennett Austin Stowell Elizabeth Marvel Carlo Mirabella-Davis Drama
Kelly Reichardt,John Magaro,Orion Hall,René Auberjonois,Drama,first cow,,John Magaro Orion Hall René Auberjonois Kelly Reichardt Drama
Dave S. F. Wilson,Vin Diesel,Eiza González,Sam Heughan,Action,bloodshot,,Vin Diesel Eiza González Sam Heughan Dave S. F. Wilson Action
Craig Zobel,Betty Gilpin,Ike Barinholtz,Amy Madigan,Action,the hunt,,Betty Gilpin Ike Barinholtz Amy Madigan Craig Zobel Action
Erwin Brothers,KJ Apa,Britt Robertson,Shania Twain,Music,i still believe,,KJ Apa Britt Robertson Shania Twain Erwin Brothers Music
Liz Garbus,Amy Ryan,Thomasin McKenzie,Lola Kirke,Drama,lost girls,,Amy Ryan Thomasin McKenzie Lola Kirke Liz Garbus Drama
Julia Hart,Grace VanderWaal,Graham Verchere,Giancarlo Esposito,Comedy,stargirl,,Grace VanderWaal Graham Verchere Giancarlo Esposito Julia Hart Comedy
Sally Potter,Javier Bardem,Elle Fanning,Laura Linney,Drama,the roads not taken,,Javier Bardem Elle Fanning Laura Linney Sally Potter Drama
Eliza Hittman,Sidney Flanigan,Talia Ryder,Theodore Pellerin,Drama,never rarely sometimes always,,Sidney Flanigan Talia Ryder Theodore Pellerin Eliza Hittman Drama
Jason Orley,Pete Davidson,Griffin Gluck,Jon Cryer,Comedy,big time adolescence,,Pete Davidson Griffin Gluck Jon Cryer Jason Orley Comedy
Katharine O'Brien,Simon Pegg,Juno Temple,Alexandra Daddario,Drama,lost transmissions,,Simon Pegg Juno Temple Alexandra Daddario Katharine O'Brien Drama
Jonathan Jakubowicz,Jesse Eisenberg,Ed Harris,Clémence Poésy,Drama,resistance,,Jesse Eisenberg Ed Harris Clémence Poésy Jonathan Jakubowicz Drama
Prentice Penny,Mamoudou Athie,Courtney B. Vance,Niecy Nash,Drama,uncorked,,Mamoudou Athie Courtney B. Vance Niecy Nash Prentice Penny Drama
Michael Dowse,Ed Helms,Taraji P. Henson,Betty Gilpin,Comedy,coffee & kareem,,Ed Helms Taraji P. Henson Betty Gilpin Michael Dowse Comedy
Walt Dohrn,Anna Kendrick,Justin Timberlake,Rachel Bloom,Animation,trolls world tour,,Anna Kendrick Justin Timberlake Rachel Bloom Walt Dohrn Animation
Dean Craig,Olivia Munn,Sam Claflin,Freida Pinto,Comedy,love wedding repeat,,Olivia Munn Sam Claflin Freida Pinto Dean Craig Comedy
Jay Karas,Seth Carr,Tichina Arnold,Ken Marino,Family,the main event,,Seth Carr Tichina Arnold Ken Marino Jay Karas Family
Marc Meyers,Alexandra Daddario,Keean Johnson,Logan Miller,Horror,we summon the darkness,,Alexandra Daddario Keean Johnson Logan Miller Marc Meyers Horror
Vicky Wight,Leslie Bibb,Josh Duhamel,Nora Dunn,Romance,the lost husband,,Leslie Bibb Josh Duhamel Nora Dunn Vicky Wight Romance
Charles Band,Cody Renee Cameron,Russell Coker,Robin Sydney,Horror,corona zombies,,Cody Renee Cameron Russell Coker Robin Sydney Charles Band Horror
Greg Barker,Wagner Moura,Ana de Armas,Garret Dillahunt,Drama,sergio,,Wagner Moura Ana de Armas Garret Dillahunt Greg Barker Drama
Kris Pearn,Will Forte,Maya Rudolph,Alessia Cara,Animation,the willoughbys,,Will Forte Maya Rudolph Alessia Cara Kris Pearn Animation
Sam Hargrave,Chris Hemsworth,Rudhraksh Jaiswal,Randeep Hooda,Drama,extraction,,Chris Hemsworth Rudhraksh Jaiswal Randeep Hooda Sam Hargrave Drama
Sean McEwen,Tom Felton,Tammin Sursok,Wendi McLendon-Covey,Drama,braking for whales,,Tom Felton Tammin Sursok Wendi McLendon-Covey Sean McEwen Drama
Cory Finley,Hugh Jackman,Allison Janney,Geraldine Viswanathan,Drama,bad education,,Hugh Jackman Allison Janney Geraldine Viswanathan Cory Finley Drama
Michael Scott,Camila Mendes,Jessie T. Usher,Jamie Chung,Thriller,dangerous lies,,Camila Mendes Jessie T. Usher Jamie Chung Michael Scott Thriller
Joe Robert Cole,Ashton Sanders,Jeffrey Wright,Yahya Abdul-Mateen II,Drama,all day and a night,,Ashton Sanders Jeffrey Wright Yahya Abdul-Mateen II Joe Robert Cole Drama
The Pierce Brothers,John-Paul Howard,Piper Curda,Zarah Mahler,Horror,the wretched,,John-Paul Howard Piper Curda Zarah Mahler The Pierce Brothers Horror
Alice Wu,Leah Lewis,Daniel Diemer,Alexxis Lemire,Comedy,the half of it,,Leah Lewis Daniel Diemer Alexxis Lemire Alice Wu Comedy
Clark Duke,Liam Hemsworth,Clark Duke,Michael Kenneth Williams,Crime,arkansas,,Liam Hemsworth Clark Duke Michael Kenneth Williams Clark Duke Crime
Rachel Lee Goldenberg,Jessica Rothe,Josh Whitehouse,Mae Whitman,Comedy,valley girl,,Jessica Rothe Josh Whitehouse Mae Whitman Rachel Lee Goldenberg Comedy
Josh Trank,Tom Hardy,Linda Cardellini,Jack Lowden,Crime,capone,,Tom Hardy Linda Cardellini Jack Lowden Josh Trank Crime
Tyler Spindel,David Spade,Lauren Lapkus,Geoff Pierson,Comedy,the wrong missy,,David Spade Lauren Lapkus Geoff Pierson Tyler Spindel Comedy
Tony Cervone,Will Forte,Mark Wahlberg,Jason Isaacs,Family,scoob!,,Will Forte Mark Wahlberg Jason Isaacs Tony Cervone Family
John Barr,Tom Berenger,Kristen Hager,Mark Sivertsen,Thriller,blood and money,,Tom Berenger Kristen Hager Mark Sivertsen John Barr Thriller
Malik Vitthal,Mary J. Blige,Nat Wolff,David Zayas,Horror,body cam,,Mary J. Blige Nat Wolff David Zayas Malik Vitthal Horror
Michael Showalter,Issa Rae,Kumail Nanjiani,Paul Sparks,Action,the lovebirds,,Issa Rae Kumail Nanjiani Paul Sparks Michael Showalter Action
Vaughn Stein,Lily Collins,Simon Pegg,Chace Crawford,Thriller,inheritance,,Lily Collins Simon Pegg Chace Crawford Vaughn Stein Thriller
Nisha Ganatra,Dakota Johnson,Tracee Ellis Ross,Kelvin Harrison Jr.,Romance,the high note,,Dakota Johnson Tracee Ellis Ross Kelvin Harrison Jr. Nisha Ganatra Romance
Josephine Decker,Elisabeth Moss,Michael Stuhlbarg,Odessa Young,Drama,shirley,,Elisabeth Moss Michael Stuhlbarg Odessa Young Josephine Decker Drama
Olivier Megaton,Édgar Ramírez,Anna Brewster,Michael Pitt,Action,the last days of american crime,,Édgar Ramírez Anna Brewster Michael Pitt Olivier Megaton Action
"Jonathan Milott, Cary Murnion",Lulu Wilson,Kevin James,Joel McHale,Horror,becky,,"Lulu Wilson Kevin James Joel McHale Jonathan Milott, Cary Murnion Horror"
Kenneth Branagh,Ferdia Shaw,Lara McDonnell,Josh Gad,Adventure,artemis fowl,,Ferdia Shaw Lara McDonnell Josh Gad Kenneth Branagh Adventure
Spike Lee,Delroy Lindo,Jonathan Majors,Clarke Peters,War,da 5 bloods,,Delroy Lindo Jonathan Majors Clarke Peters Spike Lee War
Judd Apatow,Pete Davidson,Marisa Tomei,Bill Burr,Comedy,the king of staten island,,Pete Davidson Marisa Tomei Bill Burr Judd Apatow Comedy
Kaare Andrews,Chad Michael Collins,Tom Berenger,Sayaka Akimoto,Action,sniper: assassin's end,,Chad Michael Collins Tom Berenger Sayaka Akimoto Kaare Andrews Action
Olivier Assayas,Penélope Cruz,Édgar Ramírez,Gael García Bernal,Drama,wasp network,,Penélope Cruz Édgar Ramírez Gael García Bernal Olivier Assayas Drama
Elissa Down,Elissa Down (director); Sofia Carson,Enrico Colantoni,Wolfgang Novogratz,Comedy,feel the beat,,Elissa Down (director); Sofia Carson Enrico Colantoni Wolfgang Novogratz Elissa Down Comedy
David Dobkin,Will Ferrell,Rachel McAdams,Dan Stevens,Comedy,eurovision song contest: the story of fire saga,,Will Ferrell Rachel McAdams Dan Stevens David Dobkin Comedy
Jon Stewart,Steve Carell,Chris Cooper,Mackenzie Davis,Comedy,irresistible,,Steve Carell Chris Cooper Mackenzie Davis Jon Stewart Comedy
Peter Segal,Dave Bautista,Chloe Coleman,Kristen Schaal,Family,my spy,,Dave Bautista Chloe Coleman Kristen Schaal Peter Segal Family
Thomas Kail,Thomas Kail (director); Lin-Manuel Miranda,Phillipa Soo,Leslie Odom Jr.,History,hamilton,,Thomas Kail (director); Lin-Manuel Miranda Phillipa Soo Leslie Odom Jr. Thomas Kail History
Natalie Erika James,Emily Mortimer,Robyn Nevin,Bella Heathcote,Horror,relic,,Emily Mortimer Robyn Nevin Bella Heathcote Natalie Erika James Horror
LP,Anna Camp,Robbie Amell,Nasim Pedrad,Comedy,desperados,,Anna Camp Robbie Amell Nasim Pedrad LP Comedy
Gina Prince-Bythewood,Charlize Theron,KiKi Layne,Marwan Kenzari,Action,the old guard,,Charlize Theron KiKi Layne Marwan Kenzari Gina Prince-Bythewood Action
Aaron Schneider,Tom Hanks,Stephen Graham,Rob Morgan,War,greyhound,,Tom Hanks Stephen Graham Rob Morgan Aaron Schneider War
Max Barbakow,Andy Samberg,Cristin Milioti,Peter Gallagher,Comedy,palm springs,,Andy Samberg Cristin Milioti Peter Gallagher Max Barbakow Comedy
Peter Sullivan,Nia Long,Omar Epps,Stephen Bishop,Thriller,fatal affair,,Nia Long Omar Epps Stephen Bishop Peter Sullivan Thriller
Robin Pront,Annabelle Wallis,Hero Fiennes-Tiffin,Nikolaj Coster-Waldau,Action,the silencing,,Annabelle Wallis Hero Fiennes-Tiffin Nikolaj Coster-Waldau Robin Pront Action
The Brothers Riedell,Lucy Hale,Leonidas Gulaptis,Jackie Cruz,Comedy,a nice girl like you,,Lucy Hale Leonidas Gulaptis Jackie Cruz The Brothers Riedell Comedy
Eric Bress,Brenton Thwaites,Theo Rossi,Skylar Astin,Horror,ghosts of war,,Brenton Thwaites Theo Rossi Skylar Astin Eric Bress Horror
"Scott Christian Sava, Tony Bancroft",John Krasinski,Emily Blunt,Ian McKellen,Comedy,animal crackers,,"John Krasinski Emily Blunt Ian McKellen Scott Christian Sava, Tony Bancroft Comedy"
Vince Marcello,Joey King,Joel Courtney,Jacob Elordi,Comedy,the kissing booth 2,,Joey King Joel Courtney Jacob Elordi Vince Marcello Comedy
Dave Franco,Dan Stevens,Alison Brie,Sheila Vand,Horror,the rental,,Dan Stevens Alison Brie Sheila Vand Dave Franco Horror
John Pogue,Tania Raymonde,Nathaniel Buzolic,Emerson Brooks,Action,deep blue sea 3,,Tania Raymonde Nathaniel Buzolic Emerson Brooks John Pogue Action
Andy Tennant,Katie Holmes,Josh Lucas,Jerry O'Connell,Drama,the secret: dare to dream,,Katie Holmes Josh Lucas Jerry O'Connell Andy Tennant Drama
Jessica Swale,Gemma Arterton,Gugu Mbatha-Raw,Penelope Wilton,Drama,summerland,,Gemma Arterton Gugu Mbatha-Raw Penelope Wilton Jessica Swale Drama
Amy Seimetz,Kate Lyn Sheil,Jane Adams,Kentucker Audley,Drama,she dies tomorrow,,Kate Lyn Sheil Jane Adams Kentucker Audley Amy Seimetz Drama
David Ayer,Bobby Soto,Shia LaBeouf,Cinthya Carmona,Action,the tax collector,,Bobby Soto Shia LaBeouf Cinthya Carmona David Ayer Action
Ciro Guerra,Mark Rylance,Johnny Depp,Robert Pattinson,Drama,waiting for the barbarians,,Mark Rylance Johnny Depp Robert Pattinson Ciro Guerra Drama
"Henry Joost, Ariel Schulman",Jamie Foxx,Joseph Gordon-Levitt,Dominique Fishback,Action,project power,,"Jamie Foxx Joseph Gordon-Levitt Dominique Fishback Henry Joost, Ariel Schulman Action"
Mark Waters,Adam DeVine,Gillian Jacobs,Jeffrey Tambor,Comedy,magic camp,,Adam DeVine Gillian Jacobs Jeffrey Tambor Mark Waters Comedy
Eugene Kotlyarenko,Joe Keery,Sasheer Zamata,Mischa Barton,Comedy,spree,,Joe Keery Sasheer Zamata Mischa Barton Eugene Kotlyarenko Comedy
Thea Sharrock,Sam Rockwell,Angelina Jolie,Danny DeVito,Family,the one and only ivan,,Sam Rockwell Angelina Jolie Danny DeVito Thea Sharrock Family
Derrick Borte,Russell Crowe,Caren Pistorius,Gabriel Bateman,Action,unhinged,,Russell Crowe Caren Pistorius Gabriel Bateman Derrick Borte Action
Michael Almereyda,Ethan Hawke,Eve Hewson,Ebon Moss-Bachrach,History,tesla,,Ethan Hawke Eve Hewson Ebon Moss-Bachrach Michael Almereyda History
RZA,Shameik Moore,T.I.,Demetrius Shipp Jr.,Action,cut throat city,,Shameik Moore T.I. Demetrius Shipp Jr. RZA Action
Thor Freudenthal,Charlie Plummer,Andy García,Taylor Russell,Drama,words on bathroom walls,,Charlie Plummer Andy García Taylor Russell Thor Freudenthal Drama
Christopher Nolan,John David Washington,Robert Pattinson,Elizabeth Debicki,Action,tenet,,John David Washington Robert Pattinson Elizabeth Debicki Christopher Nolan Action
Dean Parisot,Keanu Reeves,Alex Winter,Kristen Schaal,Comedy,bill & ted face the music,,Keanu Reeves Alex Winter Kristen Schaal Dean Parisot Comedy
Josh Boone,Maisie Williams,Anya Taylor-Joy,Charlie Heaton,Action,the new mutants,,Maisie Williams Anya Taylor-Joy Charlie Heaton Josh Boone Action
Armando Iannucci,Dev Patel,Aneurin Barnard,Peter Capaldi,Drama,the personal history of david copperfield,,Dev Patel Aneurin Barnard Peter Capaldi Armando Iannucci Drama
Charlie Kaufman,Jesse Plemons,Jessie Buckley,Toni Collette,Drama,i'm thinking of ending things,,Jesse Plemons Jessie Buckley Toni Collette Charlie Kaufman Drama
Bob Bowen,Vincent Martella,Ashley Tisdale,David Errigo Jr.,Animation,phineas and ferb the movie: candace against the universe,,Vincent Martella Ashley Tisdale David Errigo Jr. Bob Bowen Animation
Brett Haley,Auliʻi Cravalho,Rhenzy Feliz,Judy Reyes,Drama,all together now,,Auliʻi Cravalho Rhenzy Feliz Judy Reyes Brett Haley Drama
Brendan Walsh,Genesis Rodriguez,Vincent Piazza,Louis Cancelmi,Thriller,centigrade,,Genesis Rodriguez Vincent Piazza Louis Cancelmi Brendan Walsh Thriller
Jeremy Garelick,Skyler Gisondo,Eduardo Franco,Dexter Darden,Comedy,the binge,,Skyler Gisondo Eduardo Franco Dexter Darden Jeremy Garelick Comedy
Niki Caro,Liu Yifei,Donnie Yen,Tzi Ma,Adventure,mulan,,Liu Yifei Donnie Yen Tzi Ma Niki Caro Adventure
John Leguizamo,John Leguizamo,Jorge Lendeborg Jr.,Angel Bismark Curiel,Drama,critical thinking,,John Leguizamo Jorge Lendeborg Jr. Angel Bismark Curiel John Leguizamo Drama
Julius Berg,Maisie Williams,Sylvester McCoy,Rita Tushingham,Thriller,the owners,,Maisie Williams Sylvester McCoy Rita Tushingham Julius Berg Thriller
Sam Macaroni,Pauly Shore,Mike Castle,Aimee Teegarden,Comedy,guest house,,Pauly Shore Mike Castle Aimee Teegarden Sam Macaroni Comedy
McG,Judah Lewis,Emily Alyn Lind,Jenna Ortega,Comedy,the babysitter: killer queen,,Judah Lewis Emily Alyn Lind Jenna Ortega McG Comedy
Rachel Lee Goldenberg,Haley Lu Richardson,Barbie Ferreira,Alex MacNicoll,Drama,unpregnant,,Haley Lu Richardson Barbie Ferreira Alex MacNicoll Rachel Lee Goldenberg Drama
Antonio Campos,Tom Holland,Bill Skarsgård,Riley Keough,Crime,the devil all the time,,Tom Holland Bill Skarsgård Riley Keough Antonio Campos Crime
Natalie Krinsky,Geraldine Viswanathan,Dacre Montgomery,Utkarsh Ambudkar,Comedy,the broken hearts gallery,,Geraldine Viswanathan Dacre Montgomery Utkarsh Ambudkar Natalie Krinsky Comedy
Luke Eve,Brenton Thwaites,Lily Sullivan,Joel Jackson,Comedy,i met a girl,,Brenton Thwaites Lily Sullivan Joel Jackson Luke Eve Comedy
Jon Stevenson,Wil Wheaton,Brian Landis Folkins,Kathleen Brady,Horror,rent-a-pal,,Wil Wheaton Brian Landis Folkins Kathleen Brady Jon Stevenson Horror
Sean McNamara,Melissa Rauch,Max Greenfield,George Lopez,Comedy,cats & dogs 3: paws unite!,,Melissa Rauch Max Greenfield George Lopez Sean McNamara Comedy
Yuval Adler,Noomi Rapace,Joel Kinnaman,Chris Messina,Thriller,the secrets we keep,,Noomi Rapace Joel Kinnaman Chris Messina Yuval Adler Thriller
"Gerard Bush, Christopher Renz (directors/screenplay); Janelle Monáe, Eric Lange, Jena Malone, Jack Huston, Kiersey Clemons, Gabourey Sidibe",Janelle Monáe,Eric Lange,Jena Malone,Horror,antebellum,,"Janelle Monáe Eric Lange Jena Malone Gerard Bush, Christopher Renz (directors/screenplay); Janelle Monáe, Eric Lange, Jena Malone, Jack Huston, Kiersey Clemons, Gabourey Sidibe Horror"
Sean Durkin,Jude Law,Carrie Coon,Charlie Shotwell,Drama,the nest,,Jude Law Carrie Coon Charlie Shotwell Sean Durkin Drama
Roger Michell,Susan Sarandon,Kate Winslet,Mia Wasikowska,Drama,blackbird,,Susan Sarandon Kate Winslet Mia Wasikowska Roger Michell Drama
William Olsson,Alexandra Daddario,Takehiro Hira,Carice van Houten,Drama,lost girls & love hotels,,Alexandra Daddario Takehiro Hira Carice van Houten William Olsson Drama
Taylor A. Purdee,Taylor A. Purdee,John Donchak,Nathan Purdee,Drama,killian & the comeback kids,,Taylor A. Purdee John Donchak Nathan Purdee Taylor A. Purdee Drama
Harry Bradbeer,Millie Bobby Brown,Henry Cavill,Sam Claflin,Crime,enola holmes,,Millie Bobby Brown Henry Cavill Sam Claflin Harry Bradbeer Crime
Aaron Sorkin,Yahya Abdul-Mateen II,Sacha Baron Cohen,Danny Flaherty,Drama,the trial of the chicago 7,,Yahya Abdul-Mateen II Sacha Baron Cohen Danny Flaherty Aaron Sorkin Drama
Tate Taylor,Jessica Chastain,John Malkovich,Common,Action,ava,,Jessica Chastain John Malkovich Common Tate Taylor Action
Miranda July,Evan Rachel Wood,Richard Jenkins,Debra Winger,Crime,kajillionaire,,Evan Rachel Wood Richard Jenkins Debra Winger Miranda July Crime
Andrew Cohn,Richard Jenkins,Shane Paul McGhie,Da'Vine Joy Randolph,Comedy,the last shift,,Richard Jenkins Shane Paul McGhie Da'Vine Joy Randolph Andrew Cohn Comedy
Anna Mastro,Peyton Elizabeth Lee,Skylar Astin,Élodie Yung,Action,secret society of second-born royals,,Peyton Elizabeth Lee Skylar Astin Élodie Yung Anna Mastro Action
Marc Carlini,Tommy Dewey,François Arnaud,Minka Kelly,Comedy,she's in portland,,Tommy Dewey François Arnaud Minka Kelly Marc Carlini Comedy
Joe Mantello,Jim Parsons,Zachary Quinto,Matt Bomer,Drama,the boys in the band,,Jim Parsons Zachary Quinto Matt Bomer Joe Mantello Drama
Julie Taymor,Julianne Moore,Alicia Vikander,Timothy Hutton,Drama,the glorias,,Julianne Moore Alicia Vikander Timothy Hutton Julie Taymor Drama
Sofia Coppola,Rashida Jones,Bill Murray,Marlon Wayans,Drama,on the rocks,,Rashida Jones Bill Murray Marlon Wayans Sofia Coppola Drama
Brian Duffield,Katherine Langford,Charlie Plummer,Hayley Law,Comedy,spontaneous,,Katherine Langford Charlie Plummer Hayley Law Brian Duffield Comedy
Osmany Rodriguez,Jaden Michael,Gerald W. Jones III,Gregory Diaz IV,Comedy,vampires vs. the bronx,,Jaden Michael Gerald W. Jones III Gregory Diaz IV Osmany Rodriguez Comedy
Brandon Cronenberg,Andrea Riseborough,Christopher Abbott,Rossif Sutherland,Thriller,possessor,,Andrea Riseborough Christopher Abbott Rossif Sutherland Brandon Cronenberg Thriller
Darren Lynn Bousman,Maggie Q,Alex Essoe,Luke Hemsworth,Horror,death of me,,Maggie Q Alex Essoe Luke Hemsworth Darren Lynn Bousman Horror
Mike Elliott,Madison Pettis,Lizze Broadway,Piper Curda,Comedy,american pie presents: girls' rules,,Madison Pettis Lizze Broadway Piper Curda Mike Elliott Comedy
Veena Sud,Mireille Enos,Peter Sarsgaard,Joey King,Drama,the lie,,Mireille Enos Peter Sarsgaard Joey King Veena Sud Drama
Steven Brill,Adam Sandler,Kevin James,Julie Bowen,Comedy,hubie halloween,,Adam Sandler Kevin James Julie Bowen Steven Brill Comedy
Brannon Braga,Britt Robertson,Anna Friel,Rafi Gavron,Horror,books of blood,,Britt Robertson Anna Friel Rafi Gavron Brannon Braga Horror
Angel Manuel Soto,Jahi Di'Allo Winston,Meek Mill,Will Catlett,Drama,charm city kings,,Jahi Di'Allo Winston Meek Mill Will Catlett Angel Manuel Soto Drama
Tim Hill,Robert De Niro,Uma Thurman,Rob Riggle,Comedy,the war with grandpa,,Robert De Niro Uma Thurman Rob Riggle Tim Hill Comedy
Woody Allen,Timothée Chalamet,Elle Fanning,Selena Gomez,Comedy,a rainy day in new york,,Timothée Chalamet Elle Fanning Selena Gomez Woody Allen Comedy
Diane Paragas,Eva Noblezada,Dale Watson,Princess Punzalan,Drama,yellow rose,,Eva Noblezada Dale Watson Princess Punzalan Diane Paragas Drama
Radha Blank,Radha Blank,Peter Kim,Oswin Benjamin,Comedy,the 40-year-old version,,Radha Blank Peter Kim Oswin Benjamin Radha Blank Comedy
Zu Quirke,Sydney Sweeney,Madison Iseman,Jacques Colimon,Horror,nocturne,,Sydney Sweeney Madison Iseman Jacques Colimon Zu Quirke Horror
"Elan Dassani, Rajeev Dassani",Sarita Choudhury,Sunita Mani,Omar Maskati,Mystery,evil eye,,"Sarita Choudhury Sunita Mani Omar Maskati Elan Dassani, Rajeev Dassani Mystery"
Rachel Talalay,Tamara Smart,Oona Laurence,Tom Felton,Family,a babysitter's guide to monster hunting,,Tamara Smart Oona Laurence Tom Felton Rachel Talalay Family
Michael Matthews,Dylan O'Brien,Jessica Henwick,Dan Ewing,Comedy,love and monsters,,Dylan O'Brien Jessica Henwick Dan Ewing Michael Matthews Comedy
Mark Williams,Liam Neeson,Kate Walsh,Robert Patrick,Thriller,honest thief,,Liam Neeson Kate Walsh Robert Patrick Mark Williams Thriller
Justin Baldoni,Fin Argus,Sabrina Carpenter,Madison Iseman,Music,clouds,,Fin Argus Sabrina Carpenter Madison Iseman Justin Baldoni Music
Evan Morgan,Adam Brody,Sophie Nélisse,Tzi Ma,Comedy,the kid detective,,Adam Brody Sophie Nélisse Tzi Ma Evan Morgan Comedy
Johnny Martin,Tyler Posey,Summer Spiro,Robert Ri'chard,Thriller,alone,,Tyler Posey Summer Spiro Robert Ri'chard Johnny Martin Thriller
Lance Hool,Jacob Elordi,Adan Canto,Tiera Skovbye,Drama,2 hearts,,Jacob Elordi Adan Canto Tiera Skovbye Lance Hool Drama
Steve Byrne,Jimmy O. Yang,Alex Moffat,Cedric the Entertainer,Comedy,the opening act,,Jimmy O. Yang Alex Moffat Cedric the Entertainer Steve Byrne Comedy
Robert Zemeckis,Anne Hathaway,Octavia Spencer,Stanley Tucci,Family,the witches,,Anne Hathaway Octavia Spencer Stanley Tucci Robert Zemeckis Family
Glen Keane,Cathy Ang,Phillipa Soo,Ken Jeong,Animation,over the moon,,Cathy Ang Phillipa Soo Ken Jeong Glen Keane Animation
Roger Kumble,Josephine Langford,Hero Fiennes Tiffin,Dylan Sprouse,Romance,after we collided,,Josephine Langford Hero Fiennes Tiffin Dylan Sprouse Roger Kumble Romance
David Prior,James Badge Dale,Marin Ireland,Stephen Root,Horror,the empty man,,James Badge Dale Marin Ireland Stephen Root David Prior Horror
Kurt Wimmer,Elena Kampouris,Kate Moyer,Callan Mulvey,Horror,children of the corn,,Elena Kampouris Kate Moyer Callan Mulvey Kurt Wimmer Horror
Justin Simien,Elle Lorraine,Vanessa Williams,Jay Pharoah,TV Movie,bad hair,,Elle Lorraine Vanessa Williams Jay Pharoah Justin Simien TV Movie
Nicol Paone,Malin Åkerman,Kat Dennings,Aisha Tyler,Comedy,friendsgiving,,Malin Åkerman Kat Dennings Aisha Tyler Nicol Paone Comedy
Zoe Lister-Jones,Cailee Spaeny,Gideon Adlon,Lovie Simone,Horror,the craft: legacy,,Cailee Spaeny Gideon Adlon Lovie Simone Zoe Lister-Jones Horror
John Whitesell,Emma Roberts,Luke Bracey,Kristin Chenoweth,Comedy,holidate,,Emma Roberts Luke Bracey Kristin Chenoweth John Whitesell Comedy
Jacob Chase,Gillian Jacobs,John Gallagher Jr.,Azhy Robertson,Horror,come play,,Gillian Jacobs John Gallagher Jr. Azhy Robertson Jacob Chase Horror
Max Winkler,Charlie Hunnam,Jack O'Connell,Jessica Barden,Drama,jungleland,,Charlie Hunnam Jack O'Connell Jessica Barden Max Winkler Drama
Thomas Bezucha,Diane Lane,Kevin Costner,Lesley Manville,Drama,let him go,,Diane Lane Kevin Costner Lesley Manville Thomas Bezucha Drama
Andrea Di Stefano,Joel Kinnaman,Rosamund Pike,Common,Drama,the informer,,Joel Kinnaman Rosamund Pike Common Andrea Di Stefano Drama
Bryan Bertino,Marin Ireland,Michael Abbott Jr.,Xander Berkeley,Horror,the dark and the wicked,,Marin Ireland Michael Abbott Jr. Xander Berkeley Bryan Bertino Horror
Ron Howard,Amy Adams,Glenn Close,Gabriel Basso,Drama,hillbilly elegy,,Amy Adams Glenn Close Gabriel Basso Ron Howard Drama
David Fincher,Gary Oldman,Amanda Seyfried,Lily Collins,Drama,mank,,Gary Oldman Amanda Seyfried Lily Collins David Fincher Drama
Christopher Landon,Vince Vaughn,Kathryn Newton,Katie Finneran,Horror,freaky,,Vince Vaughn Kathryn Newton Katie Finneran Christopher Landon Horror
David E. Talbert,Forest Whitaker,Keegan-Michael Key,Hugh Bonneville,Family,jingle jangle: a christmas journey,,Forest Whitaker Keegan-Michael Key Hugh Bonneville David E. Talbert Family
Miles Joris-Peyrafitte,Finn Cole,Margot Robbie,Travis Fimmel,Thriller,dreamland,,Finn Cole Margot Robbie Travis Fimmel Miles Joris-Peyrafitte Thriller
"Eshom Nelms, Ian Nelms (directors/screenplay); Mel Gibson, Walton Goggins, Marianne Jean-Baptiste",Mel Gibson,Walton Goggins,Marianne Jean-Baptiste,Action,fatman,,"Mel Gibson Walton Goggins Marianne Jean-Baptiste Eshom Nelms, Ian Nelms (directors/screenplay); Mel Gibson, Walton Goggins, Marianne Jean-Baptiste Action"
Edoardo Ponti,Sophia Loren,Ibrahima Gueye,Abril Zamora,Drama,the life ahead,,Sophia Loren Ibrahima Gueye Abril Zamora Edoardo Ponti Drama
Michael Angelo Covino,Kyle Marvin,Michael Angelo Covino,Gayle Rankin,Documentary,the climb,,Kyle Marvin Michael Angelo Covino Gayle Rankin Michael Angelo Covino Documentary
Paul Leyden,Malin Åkerman,Bella Thorne,Fortune Feimster,Action,chick fight,,Malin Åkerman Bella Thorne Fortune Feimster Paul Leyden Action
Michael Rohl,Vanessa Hudgens,Sam Palladio,Nick Sagar,Family,the princess switch: switched again,,Vanessa Hudgens Sam Palladio Nick Sagar Michael Rohl Family
Aneesh Chaganty,Sarah Paulson,Kiera Allen,Pat Healy,Thriller,run,,Sarah Paulson Kiera Allen Pat Healy Aneesh Chaganty Thriller
Darius Marder,Riz Ahmed,Olivia Cooke,Paul Raci,Drama,sound of metal,,Riz Ahmed Olivia Cooke Paul Raci Darius Marder Drama
Dan Friedkin,Guy Pearce,Claes Bang,Vicky Krieps,Drama,the last vermeer,,Guy Pearce Claes Bang Vicky Krieps Dan Friedkin Drama
Dimitri Logothetis,Alain Moussi,Frank Grillo,JuJu Chan,Fantasy,jiu jitsu,,Alain Moussi Frank Grillo JuJu Chan Dimitri Logothetis Fantasy
Josh Duhamel,Josh Duhamel,Dax Shepard,Olivia Munn,Comedy,buddy games,,Josh Duhamel Dax Shepard Olivia Munn Josh Duhamel Comedy
Joel Crawford,Nicolas Cage,Emma Stone,Ryan Reynolds,Family,the croods: a new age,,Nicolas Cage Emma Stone Ryan Reynolds Joel Crawford Family
Clea DuVall,Kristen Stewart,Mackenzie Davis,Alison Brie,Romance,happiest season,,Kristen Stewart Mackenzie Davis Alison Brie Clea DuVall Romance
George C. Wolfe,Viola Davis,Chadwick Boseman,Glynn Turman,Drama,ma rainey's black bottom,,Viola Davis Chadwick Boseman Glynn Turman George C. Wolfe Drama
Chris Columbus,Kurt Russell,Goldie Hawn,Darby Camp,Family,the christmas chronicles 2,,Kurt Russell Goldie Hawn Darby Camp Chris Columbus Family
Alan Ball,Paul Bettany,Sophia Lillis,Peter Macdissi,Drama,uncle frank,,Paul Bettany Sophia Lillis Peter Macdissi Alan Ball Drama
Taylor Swift,Taylor Swift,Jack Antonoff,Aaron Dessner,Music,folklore: the long pond studio sessions,,Taylor Swift Jack Antonoff Aaron Dessner Taylor Swift Music
Ben Falcone,Melissa McCarthy,Bobby Cannavale,Brian Tyree Henry,Comedy,superintelligence,,Melissa McCarthy Bobby Cannavale Brian Tyree Henry Ben Falcone Comedy
Mitja Okorn,Jaden Smith,Cara Delevingne,Cuba Gooding Jr.,Drama,life in a year,,Jaden Smith Cara Delevingne Cuba Gooding Jr. Mitja Okorn Drama
Ashley Avis,Mackenzie Foy,Kate Winslet,Claire Forlani,Drama,black beauty,,Mackenzie Foy Kate Winslet Claire Forlani Ashley Avis Drama
Ryan Murphy,Meryl Streep,James Corden,Jo Ellen Pellman,Comedy,the prom,,Meryl Streep James Corden Jo Ellen Pellman Ryan Murphy Comedy
Marc Meyers,Jessica Rothe,Harry Shum Jr.,Kyle Allen,Romance,all my life,,Jessica Rothe Harry Shum Jr. Kyle Allen Marc Meyers Romance
Sharon Maguire,Isla Fisher,Jillian Bell,Santiago Cabrera,Family,godmothered,,Isla Fisher Jillian Bell Santiago Cabrera Sharon Maguire Family
April Mullen,Aaron Eckhart,Katheryn Winnick,Heather Graham,Thriller,wander,,Aaron Eckhart Katheryn Winnick Heather Graham April Mullen Thriller
Lawrence Michael Levine,Aubrey Plaza,Christopher Abbott,Sarah Gadon,Drama,black bear,,Aubrey Plaza Christopher Abbott Sarah Gadon Lawrence Michael Levine Drama
Steven Soderbergh,Meryl Streep,Candice Bergen,Gemma Chan,Comedy,let them all talk,,Meryl Streep Candice Bergen Gemma Chan Steven Soderbergh Comedy
George Clooney,George Clooney,Felicity Jones,David Oyelowo,Science Fiction,the midnight sky,,George Clooney Felicity Jones David Oyelowo George Clooney Science Fiction
Adam Mason,KJ Apa,Sofia Carson,Craig Robinson,Thriller,songbird,,KJ Apa Sofia Carson Craig Robinson Adam Mason Thriller
John Patrick Shanley,Emily Blunt,Jamie Dornan,Jon Hamm,Romance,wild mountain thyme,,Emily Blunt Jamie Dornan Jon Hamm John Patrick Shanley Romance
Reginald Hudlin,Jay Reeves,Thaddeus J. Mixson,Corinne Foxx,Family,safety,,Jay Reeves Thaddeus J. Mixson Corinne Foxx Reginald Hudlin Family
Tara Miele,Sienna Miller,Diego Luna,Beth Grant,Romance,wander darkly,,Sienna Miller Diego Luna Beth Grant Tara Miele Romance
Julia Hart,Rachel Brosnahan,Arinzé Kene,Marsha Stephanie Blake,Drama,i'm your woman,,Rachel Brosnahan Arinzé Kene Marsha Stephanie Blake Julia Hart Drama
Jamie Babbit,Drew Barrymore,Michael Zegen,T.J. Miller,Comedy,the stand in,,Drew Barrymore Michael Zegen T.J. Miller Jamie Babbit Comedy
Adam Egypt Mortimer,Joe Manganiello,Skylan Brooks,Zolee Griggs,Action,archenemy,,Joe Manganiello Skylan Brooks Zolee Griggs Adam Egypt Mortimer Action
Ekwa Msangi,Ntare Mwine,Zainab Jah,Jayme Lawson,Romance,farewell amor,,Ntare Mwine Zainab Jah Jayme Lawson Ekwa Msangi Romance
Paul W. S. Anderson,Milla Jovovich,Tony Jaa,"Tip ""T.I."" Harris",Fantasy,monster hunter,,"Milla Jovovich Tony Jaa Tip ""T.I."" Harris Paul W. S. Anderson Fantasy"
Ric Roman Waugh,Gerard Butler,Morena Baccarin,David Denman,Action,greenland,,Gerard Butler Morena Baccarin David Denman Ric Roman Waugh Action
Deon Taylor,Hilary Swank,Michael Ealy,Mike Colter,Thriller,fatale,,Hilary Swank Michael Ealy Mike Colter Deon Taylor Thriller
Liam O'Donnell,Lindsey Morgan,Jonathan Howard,Daniel Bernhardt,Science Fiction,skylines,,Lindsey Morgan Jonathan Howard Daniel Bernhardt Liam O'Donnell Science Fiction
Shawn Linden,Devon Sawa,Camille Sullivan,Nick Stahl,Horror,hunter hunter,,Devon Sawa Camille Sullivan Nick Stahl Shawn Linden Horror
Eugene Ashe,Tessa Thompson,Nnamdi Asomugha,Ryan Michelle Bathe,Drama,sylvie's love,,Tessa Thompson Nnamdi Asomugha Ryan Michelle Bathe Eugene Ashe Drama
Patty Jenkins,Gal Gadot,Chris Pine,Kristen Wiig,Fantasy,wonder woman 1984,,Gal Gadot Chris Pine Kristen Wiig Patty Jenkins Fantasy
Pete Docter,Jamie Foxx,Tina Fey,Graham Norton,Family,soul,,Jamie Foxx Tina Fey Graham Norton Pete Docter Family
Robert Rodriguez,Priyanka Chopra Jonas,Pedro Pascal,YaYa Gosselin,Action,we can be heroes,,Priyanka Chopra Jonas Pedro Pascal YaYa Gosselin Robert Rodriguez Action
Regina King,Kingsley Ben-Adir,Eli Goree,Aldis Hodge,Drama,one night in miami...,,Kingsley Ben-Adir Eli Goree Aldis Hodge Regina King Drama
Emerald Fennell,Carey Mulligan,Bo Burnham,Alison Brie,Thriller,promising young woman,,Carey Mulligan Bo Burnham Alison Brie Emerald Fennell Thriller
Kornél Mundruczó,Vanessa Kirby,Shia LaBeouf,Molly Parker,Drama,pieces of a woman,,Vanessa Kirby Shia LaBeouf Molly Parker Kornél Mundruczó Drama
